{
  "appId": "com.hlsvideomanager.app",
  "productName": "HLS Video Manager",
  
 
  "directories": {
    "output": "dist-package",
    "buildResources": "build"
  },
  "files": [
    ".vite/build/**/*",
    "package.json"
  ],
  "win": {
    "target": [
      {
        "target": "nsis",
        "arch": [
          "x64",
          "ia32"
        ]
      },
      {
        "target": "portable",
        "arch": [
          "x64"
        ]
      }
    ],
    "icon": "build/icon.ico"
  },
  "mac": {
    "target": [
      "dmg",
      "pkg"
    ],
    "icon": "build/icon.icns",
    "category": "public.app-category.utilities"
  },
  "linux": {
    "target": [
      "deb", 
      "AppImage"
    ],
    "icon": "build/icon.png",
    "category": "Utility",
    "maintainer": "vecent <2j478y8421@qcs.us>"
  },
  "nsis": {
    "oneClick": false,
    "allowToChangeInstallationDirectory": true,
    "createDesktopShortcut": true,
    "createStartMenuShortcut": true
  },
  "compression": "maximum"
}